{
  "border_points": [
    [
      -184.15234,
      -115.015625
    ],
    [
      178.2539,
      -115.91016
    ],
    [
      145.29297,
      103.45703
    ],
    [
      261.67188,
      82.85547
    ],
    [
      306.0039,
      -134.04297
    ],
    [
      571.6836,
      -53.95703
    ],
    [
      444.10156,
      249.84375
    ],
    [
      -39.015625,
      299.57812
    ],
    [
      -280.41406,
      217.6914
    ],
    [
      -333.69922,
      33.789062
    ],
    [
      -359.28906,
      -118.02344
    ],
    [
      -252.01562,
      -155.48438
    ]
  ],
  "anchors": [],
  "end": [
    0.0,
    200.0
  ]
}